{
  "n_generators": 1000,
  "attacks": {
    "AdvPatch": {
      "TP": 373,
      "FP": 54,
      "FN": 3,
      "TN": 322,
      "Precision": 0.8735362997658079,
      "Recall": 0.9920212765957447,
      "F1": 0.9290161892901618,
      "FPR": 0.14361702127659576
    },
    "UPC": {
      "TP": 70,
      "FP": 13,
      "FN": 3,
      "TN": 60,
      "Precision": 0.8433734939759037,
      "Recall": 0.958904109589041,
      "F1": 0.8974358974358975,
      "FPR": 0.1780821917808219
    },
    "TCEGA": {
      "TP": 90,
      "FP": 12,
      "FN": 5,
      "TN": 83,
      "Precision": 0.8823529411764706,
      "Recall": 0.9473684210526315,
      "F1": 0.9137055837563451,
      "FPR": 0.12631578947368421
    },
    "Natural": {
      "TP": 198,
      "FP": 26,
      "FN": 7,
      "TN": 179,
      "Precision": 0.8839285714285714,
      "Recall": 0.9658536585365853,
      "F1": 0.9230769230769231,
      "FPR": 0.12682926829268293
    }
  },
  "baselines": {
    "paper": {
      "AdvPatch": 0.974,
      "UPC": 0.936,
      "TCEGA": 0.807,
      "Natural": 0.871
    },
    "fixed17": {
      "AdvPatch": 0.935,
      "UPC": 0.877,
      "TCEGA": 0.896,
      "Natural": 0.9
    },
    "ensemble_5": {
      "AdvPatch": 0.935,
      "UPC": 0.908,
      "TCEGA": 0.905,
      "Natural": 0.929
    }
  }
}