{
  "AdvPatch": {
    "TP": 371,
    "FP": 47,
    "FN": 5,
    "TN": 329,
    "F1": 0.9345088161209067,
    "FPR": 0.125
  },
  "UPC": {
    "TP": 69,
    "FP": 10,
    "FN": 4,
    "TN": 63,
    "F1": 0.9078947368421053,
    "FPR": 0.136986301369863
  },
  "TCEGA": {
    "TP": 91,
    "FP": 15,
    "FN": 4,
    "TN": 80,
    "F1": 0.9054726368159204,
    "FPR": 0.15789473684210525
  },
  "Natural": {
    "TP": 196,
    "FP": 21,
    "FN": 9,
    "TN": 184,
    "F1": 0.928909952606635,
    "FPR": 0.1024390243902439
  }
}