{
  "AdvPatch": {
    "TP": 376,
    "FP": 8,
    "FN": 0,
    "TN": 368,
    "P": 0.9791666666666666,
    "R": 1.0,
    "F1": 0.9894736842105264,
    "FPR": 0.02127659574468085,
    "adv_entropy_mean": 6.437452678984784,
    "ben_entropy_mean": 6.775958601464617
  },
  "UPC": {
    "TP": 73,
    "FP": 1,
    "FN": 0,
    "TN": 72,
    "P": 0.9864864864864865,
    "R": 1.0,
    "F1": 0.9931972789115647,
    "FPR": 0.0136986301369863,
    "adv_entropy_mean": 6.437511182811162,
    "ben_entropy_mean": 6.790429298191855
  },
  "TCEGA": {
    "TP": 95,
    "FP": 2,
    "FN": 0,
    "TN": 93,
    "P": 0.979381443298969,
    "R": 1.0,
    "F1": 0.9895833333333333,
    "FPR": 0.021052631578947368,
    "adv_entropy_mean": 6.437493233931692,
    "ben_entropy_mean": 6.780580816770855
  },
  "Natural": {
    "TP": 205,
    "FP": 3,
    "FN": 0,
    "TN": 202,
    "P": 0.9855769230769231,
    "R": 1.0,
    "F1": 0.9927360774818402,
    "FPR": 0.014634146341463415,
    "adv_entropy_mean": 6.437496099239443,
    "ben_entropy_mean": 6.774702409418618
  }
}