{
  "detector": "DETR",
  "dataset": "UPC",
  "TP": 38,
  "FP": 26,
  "FN": 35,
  "TN": 47,
  "Precision": 0.59375,
  "Recall": 0.5205479452054794,
  "F1": 0.5547445255474454,
  "FPR": 0.3561643835616438
}