{
  "detector": "DETR",
  "dataset": "TCEGA",
  "TP": 43,
  "FP": 30,
  "FN": 52,
  "TN": 65,
  "Precision": 0.589041095890411,
  "Recall": 0.45263157894736844,
  "F1": 0.511904761904762,
  "FPR": 0.3157894736842105
}