{
  "detector": "DETR",
  "dataset": "Natural",
  "TP": 95,
  "FP": 54,
  "FN": 110,
  "TN": 151,
  "Precision": 0.6375838926174496,
  "Recall": 0.4634146341463415,
  "F1": 0.5367231638418078,
  "FPR": 0.2634146341463415
}