{
  "detector": "DETR",
  "dataset": "AdvPatch",
  "TP": 344,
  "FP": 145,
  "FN": 32,
  "TN": 231,
  "Precision": 0.7034764826175869,
  "Recall": 0.9148936170212766,
  "F1": 0.7953757225433525,
  "FPR": 0.38563829787234044
}